mean_accuracy,std_accuracy,mean_auc,std_auc,n_samples,n_features,selected_features
0.8518518518518517,0.1385799032138497,0.8888888888888888,0.1200137166371826,26,5,"[662, 316, 587, 629, 143]"
