mean_accuracy,std_accuracy,mean_auc,std_auc,n_samples,n_features,selected_features
0.8425925925925926,0.11188005531106085,0.937037037037037,0.05468452985271629,25,3,"[662, 316, 587]"
